Workbook

Sheet 总览
A1: 7天海外版上线推进看板
A3: 按“产品开发｜产品付费｜产品推广｜用户运营｜品牌账号｜合规风险”分类跟踪，每天只需更新任务状态。
A5: 项目开始日期（可修改） | C5: 46215 | E5: 目标上线日期 | G5: =C5+6 -> 46221 | I5: 当前第几天 | K5: =MAX(1,MIN(7,TODAY()-C5+1)) -> 2 | M5: 使用方式：在“7天任务”中更新状态
A7: =COUNTA('7天任务'!E5:E200) -> 52 | C7: =COUNTIF('7天任务'!H5:H200,"已完成") -> 6 | E7: =COUNTIF('7天任务'!H5:H200,"进行中")+COUNTIF('7天任务'!H5:H200,"待审核") -> 4 | G7: =COUNTIF('7天任务'!H5:H200,"已阻塞") -> 0 | I7: =IFERROR(AVERAGE('7天任务'!I5:I200),0) -> 0.15384615
A10: 总任务 | C10: 已完成 | E10: 进行中 / 待审核 | G10: 已阻塞 | I10: 总体完成率
A12: 按分类查看进度 | H12: 按天查看进度
A13: 分类 | B13: 任务数 | C13: 已完成 | D13: 进行中/待审核 | E13: 已阻塞 | F13: 完成率 | H13: 天数 | I13: 日期 | J13: 任务数 | K13: 已完成 | L13: 已阻塞 | M13: 完成率
A14: 产品开发与上线 | B14: =COUNTIF('7天任务'!$D$5:$D$200,A14) -> 5 | C14: =COUNTIFS('7天任务'!$D$5:$D$200,A14,'7天任务'!$H$5:$H$200,"已完成") -> 1 | D14: =COUNTIFS('7天任务'!$D$5:$D$200,A14,'7天任务'!$H$5:$H$200,"进行中")+COUNTIFS('7天任务'!$D$5:$D$200,A14,'7天任务'!$H$5:$H$200,"待审核") -> 0 | E14: =COUNTIFS('7天任务'!$D$5:$D$200,A14,'7天任务'!$H$5:$H$200,"已阻塞") -> 0 | F14: =IFERROR(SUMIF('7天任务'!$D$5:$D$200,A14,'7天任务'!$I$5:$I$200)/COUNTIF('7天任务'!$D$5:$D$200,A14),0) -> 0.2 | H14: 第1天 | I14: =$C$5+0 -> 46215 | J14: =COUNTIF('7天任务'!$B$5:$B$200,1) -> 15 | K14: =COUNTIFS('7天任务'!$B$5:$B$200,1,'7天任务'!$H$5:$H$200,"已完成") -> 5 | L14: =COUNTIFS('7天任务'!$B$5:$B$200,1,'7天任务'!$H$5:$H$200,"已阻塞") -> 0 | M14: =IFERROR(SUMIF('7天任务'!$B$5:$B$200,1,'7天任务'!$I$5:$I$200)/COUNTIF('7天任务'!$B$5:$B$200,1),0) -> 0.33333333
A15: 产品付费与审核 | B15: =COUNTIF('7天任务'!$D$5:$D$200,A15) -> 8 | C15: =COUNTIFS('7天任务'!$D$5:$D$200,A15,'7天任务'!$H$5:$H$200,"已完成") -> 1 | D15: =COUNTIFS('7天任务'!$D$5:$D$200,A15,'7天任务'!$H$5:$H$200,"进行中")+COUNTIFS('7天任务'!$D$5:$D$200,A15,'7天任务'!$H$5:$H$200,"待审核") -> 0 | E15: =COUNTIFS('7天任务'!$D$5:$D$200,A15,'7天任务'!$H$5:$H$200,"已阻塞") -> 0 | F15: =IFERROR(SUMIF('7天任务'!$D$5:$D$200,A15,'7天任务'!$I$5:$I$200)/COUNTIF('7天任务'!$D$5:$D$200,A15),0) -> 0.125 | H15: 第2天 | I15: =$C$5+1 -> 46216 | J15: =COUNTIF('7天任务'!$B$5:$B$200,2) -> 9 | K15: =COUNTIFS('7天任务'!$B$5:$B$200,2,'7天任务'!$H$5:$H$200,"已完成") -> 1 | L15: =COUNTIFS('7天任务'!$B$5:$B$200,2,'7天任务'!$H$5:$H$200,"已阻塞") -> 0 | M15: =IFERROR(SUMIF('7天任务'!$B$5:$B$200,2,'7天任务'!$I$5:$I$200)/COUNTIF('7天任务'!$B$5:$B$200,2),0) -> 0.33333333
A16: 产品推广与内容 | B16: =COUNTIF('7天任务'!$D$5:$D$200,A16) -> 21 | C16: =COUNTIFS('7天任务'!$D$5:$D$200,A16,'7天任务'!$H$5:$H$200,"已完成") -> 0 | D16: =COUNTIFS('7天任务'!$D$5:$D$200,A16,'7天任务'!$H$5:$H$200,"进行中")+COUNTIFS('7天任务'!$D$5:$D$200,A16,'7天任务'!$H$5:$H$200,"待审核") -> 0 | E16: =COUNTIFS('7天任务'!$D$5:$D$200,A16,'7天任务'!$H$5:$H$200,"已阻塞") -> 0 | F16: =IFERROR(SUMIF('7天任务'!$D$5:$D$200,A16,'7天任务'!$I$5:$I$200)/COUNTIF('7天任务'!$D$5:$D$200,A16),0) -> 0 | H16: 第3天 | I16: =$C$5+2 -> 46217 | J16: =COUNTIF('7天任务'!$B$5:$B$200,3) -> 6 | K16: =COUNTIFS('7天任务'!$B$5:$B$200,3,'7天任务'!$H$5:$H$200,"已完成") -> 0 | L16: =COUNTIFS('7天任务'!$B$5:$B$200,3,'7天任务'!$H$5:$H$200,"已阻塞") -> 0 | M16: =IFERROR(SUMIF('7天任务'!$B$5:$B$200,3,'7天任务'!$I$5:$I$200)/COUNTIF('7天任务'!$B$5:$B$200,3),0) -> 0
A17: 用户测试与运营 | B17: =COUNTIF('7天任务'!$D$5:$D$200,A17) -> 8 | C17: =COUNTIFS('7天任务'!$D$5:$D$200,A17,'7天任务'!$H$5:$H$200,"已完成") -> 0 | D17: =COUNTIFS('7天任务'!$D$5:$D$200,A17,'7天任务'!$H$5:$H$200,"进行中")+COUNTIFS('7天任务'!$D$5:$D$200,A17,'7天任务'!$H$5:$H$200,"待审核") -> 0 | E17: =COUNTIFS('7天任务'!$D$5:$D$200,A17,'7天任务'!$H$5:$H$200,"已阻塞") -> 0 | F17: =IFERROR(SUMIF('7天任务'!$D$5:$D$200,A17,'7天任务'!$I$5:$I$200)/COUNTIF('7天任务'!$D$5:$D$200,A17),0) -> 0 | H17: 第4天 | I17: =$C$5+3 -> 46218 | J17: =COUNTIF('7天任务'!$B$5:$B$200,4) -> 6 | K17: =COUNTIFS('7天任务'!$B$5:$B$200,4,'7天任务'!$H$5:$H$200,"已完成") -> 0 | L17: =COUNTIFS('7天任务'!$B$5:$B$200,4,'7天任务'!$H$5:$H$200,"已阻塞") -> 0 | M17: =IFERROR(SUMIF('7天任务'!$B$5:$B$200,4,'7天任务'!$I$5:$I$200)/COUNTIF('7天任务'!$B$5:$B$200,4),0) -> 0
A18: 品牌与账号基础 | B18: =COUNTIF('7天任务'!$D$5:$D$200,A18) -> 6 | C18: =COUNTIFS('7天任务'!$D$5:$D$200,A18,'7天任务'!$H$5:$H$200,"已完成") -> 4 | D18: =COUNTIFS('7天任务'!$D$5:$D$200,A18,'7天任务'!$H$5:$H$200,"进行中")+COUNTIFS('7天任务'!$D$5:$D$200,A18,'7天任务'!$H$5:$H$200,"待审核") -> 1 | E18: =COUNTIFS('7天任务'!$D$5:$D$200,A18,'7天任务'!$H$5:$H$200,"已阻塞") -> 0 | F18: =IFERROR(SUMIF('7天任务'!$D$5:$D$200,A18,'7天任务'!$I$5:$I$200)/COUNTIF('7天任务'!$D$5:$D$200,A18),0) -> 0.75 | H18: 第5天 | I18: =$C$5+4 -> 46219 | J18: =COUNTIF('7天任务'!$B$5:$B$200,5) -> 5 | K18: =COUNTIFS('7天任务'!$B$5:$B$200,5,'7天任务'!$H$5:$H$200,"已完成") -> 0 | L18: =COUNTIFS('7天任务'!$B$5:$B$200,5,'7天任务'!$H$5:$H$200,"已阻塞") -> 0 | M18: =IFERROR(SUMIF('7天任务'!$B$5:$B$200,5,'7天任务'!$I$5:$I$200)/COUNTIF('7天任务'!$B$5:$B$200,5),0) -> 0
A19: 合规与风险 | B19: =COUNTIF('7天任务'!$D$5:$D$200,A19) -> 4 | C19: =COUNTIFS('7天任务'!$D$5:$D$200,A19,'7天任务'!$H$5:$H$200,"已完成") -> 0 | D19: =COUNTIFS('7天任务'!$D$5:$D$200,A19,'7天任务'!$H$5:$H$200,"进行中")+COUNTIFS('7天任务'!$D$5:$D$200,A19,'7天任务'!$H$5:$H$200,"待审核") -> 3 | E19: =COUNTIFS('7天任务'!$D$5:$D$200,A19,'7天任务'!$H$5:$H$200,"已阻塞") -> 0 | F19: =IFERROR(SUMIF('7天任务'!$D$5:$D$200,A19,'7天任务'!$I$5:$I$200)/COUNTIF('7天任务'!$D$5:$D$200,A19),0) -> 0.375 | H19: 第6天 | I19: =$C$5+5 -> 46220 | J19: =COUNTIF('7天任务'!$B$5:$B$200,6) -> 5 | K19: =COUNTIFS('7天任务'!$B$5:$B$200,6,'7天任务'!$H$5:$H$200,"已完成") -> 0 | L19: =COUNTIFS('7天任务'!$B$5:$B$200,6,'7天任务'!$H$5:$H$200,"已阻塞") -> 0 | M19: =IFERROR(SUMIF('7天任务'!$B$5:$B$200,6,'7天任务'!$I$5:$I$200)/COUNTIF('7天任务'!$B$5:$B$200,6),0) -> 0
H20: 第7天 | I20: =$C$5+6 -> 46221 | J20: =COUNTIF('7天任务'!$B$5:$B$200,7) -> 6 | K20: =COUNTIFS('7天任务'!$B$5:$B$200,7,'7天任务'!$H$5:$H$200,"已完成") -> 0 | L20: =COUNTIFS('7天任务'!$B$5:$B$200,7,'7天任务'!$H$5:$H$200,"已阻塞") -> 0 | M20: =IFERROR(SUMIF('7天任务'!$B$5:$B$200,7,'7天任务'!$I$5:$I$200)/COUNTIF('7天任务'!$B$5:$B$200,7),0) -> 0
A22: 建议：P0必须上线前完成；P1尽量完成；P2可延后。状态改为“已阻塞”时，请在任务表填写卡点和下一步动作。

Sheet 7天任务
A1: 7天海外版上线任务清单
A3: 只需重点维护：状态、实际完成日、卡点/问题、下一步动作、链接/备注。日期会根据总览中的开始日期自动计算。
A4: 编号 | B4: 天数 | C4: 日期 | D4: 分类 | E4: 任务 | F4: 交付/完成标准 | G4: 优先级 | H4: 状态 | I4: 自动进度 | J4: 外部依赖/等待对象 | K4: 负责人 | L4: 截止日 | M4: 实际完成日 | N4: 卡点/问题 | O4: 下一步动作 | P4: 链接/备注
A5: 1 | B5: 1 | C5: =总览!$C$5+B5-1 -> 46215 | D5: 品牌与账号基础 | E5: 确认英文产品名与统一品牌写法 | F5: 确定一个用于官网、社媒、Creem与itch.io的统一英文品牌名 | G5: P0 | H5: 已完成 | I5: =IF(H5="已完成",1,IF(H5="待审核",0.9,IF(H5="进行中",0.5,IF(H5="已阻塞",0.25,0)))) -> 1 | J5: 域名/商标检索 | K5: 我 | L5: =C5 -> 46215 | M5: 46215
A6: 2 | B6: 1 | C6: =总览!$C$5+B6-1 -> 46215 | D6: 品牌与账号基础 | E6: 注册产品域名 | F6: 域名已购买，可正常解析，续费信息已保存 | G6: P0 | H6: 已完成 | I6: =IF(H6="已完成",1,IF(H6="待审核",0.9,IF(H6="进行中",0.5,IF(H6="已阻塞",0.25,0)))) -> 1 | J6: 域名注册商 | K6: 我 | L6: =C6 -> 46215 | M6: 46215
A7: 3 | B7: 1 | C7: =总览!$C$5+B7-1 -> 46215 | D7: 品牌与账号基础 | E7: 配置HTTPS与基础DNS | F7: 官网域名可通过HTTPS访问，不出现证书错误 | G7: P0 | H7: 已完成 | I7: =IF(H7="已完成",1,IF(H7="待审核",0.9,IF(H7="进行中",0.5,IF(H7="已阻塞",0.25,0)))) -> 1 | J7: 域名注册商/托管平台 | K7: 我 | L7: =C7 -> 46215
A8: 4 | B8: 1 | C8: =总览!$C$5+B8-1 -> 46215 | D8: 品牌与账号基础 | E8: 配置客服邮箱 | F8: support@域名 邮箱可正常收发邮件 | G8: P0 | H8: 已完成 | I8: =IF(H8="已完成",1,IF(H8="待审核",0.9,IF(H8="进行中",0.5,IF(H8="已阻塞",0.25,0)))) -> 1 | J8: 邮箱服务商 | K8: 我 | L8: =C8 -> 46215
A9: 5 | B9: 1 | C9: =总览!$C$5+B9-1 -> 46215 | D9: 产品付费与审核 | E9: 注册Creem并创建商店 | F9: Creem后台可访问，商店名称与品牌一致 | G9: P0 | H9: 已完成 | I9: =IF(H9="已完成",1,IF(H9="待审核",0.9,IF(H9="进行中",0.5,IF(H9="已阻塞",0.25,0)))) -> 1 | J9: Creem | K9: 我 | L9: =C9 -> 46215
A10: 6 | B10: 1 | C10: =总览!$C$5+B10-1 -> 46215 | D10: 产品付费与审核 | E10: 确认个人入驻资料 | F10: 实名认证姓名、国家、税务居民信息与收款账户一致 | G10: P0 | H10: 未开始 | I10: =IF(H10="已完成",1,IF(H10="待审核",0.9,IF(H10="进行中",0.5,IF(H10="已阻塞",0.25,0)))) -> 0 | J10: 个人证件/支付宝 | K10: 我 | L10: =C10 -> 46215
A11: 7 | B11: 1 | C11: =总览!$C$5+B11-1 -> 46215 | D11: 产品付费与审核 | E11: 提交KYC/KYB认证 | F11: 认证已提交，后台显示审核中或已通过 | G11: P0 | H11: 未开始 | I11: =IF(H11="已完成",1,IF(H11="待审核",0.9,IF(H11="进行中",0.5,IF(H11="已阻塞",0.25,0)))) -> 0 | J11: Creem审核 | K11: 我 | L11: =C11 -> 46215
A12: 8 | B12: 1 | C12: =总览!$C$5+B12-1 -> 46215 | D12: 产品推广与内容 | E12: 注册TikTok账号 | F12: 账号注册成功，用户名已占用并记录 | G12: P1 | H12: 未开始 | I12: =IF(H12="已完成",1,IF(H12="待审核",0.9,IF(H12="进行中",0.5,IF(H12="已阻塞",0.25,0)))) -> 0 | J12: TikTok | K12: 我 | L12: =C12 -> 46215
A13: 9 | B13: 1 | C13: =总览!$C$5+B13-1 -> 46215 | D13: 产品推广与内容 | E13: 注册YouTube频道 | F13: 频道创建成功，Handle已占用并记录 | G13: P1 | H13: 未开始 | I13: =IF(H13="已完成",1,IF(H13="待审核",0.9,IF(H13="进行中",0.5,IF(H13="已阻塞",0.25,0)))) -> 0 | J13: YouTube | K13: 我 | L13: =C13 -> 46215
A14: 10 | B14: 1 | C14: =总览!$C$5+B14-1 -> 46215 | D14: 产品推广与内容 | E14: 注册X账号 | F14: 账号注册成功，用户名已占用并记录 | G14: P2 | H14: 未开始 | I14: =IF(H14="已完成",1,IF(H14="待审核",0.9,IF(H14="进行中",0.5,IF(H14="已阻塞",0.25,0)))) -> 0 | J14: X | K14: 我 | L14: =C14 -> 46215
A15: 11 | B15: 1 | C15: =总览!$C$5+B15-1 -> 46215 | D15: 产品推广与内容 | E15: 注册Reddit账号 | F15: 账号注册成功，完成基础安全设置 | G15: P1 | H15: 未开始 | I15: =IF(H15="已完成",1,IF(H15="待审核",0.9,IF(H15="进行中",0.5,IF(H15="已阻塞",0.25,0)))) -> 0 | J15: Reddit | K15: 我 | L15: =C15 -> 46215
A16: 12 | B16: 1 | C16: =总览!$C$5+B16-1 -> 46215 | D16: 产品推广与内容 | E16: 创建Discord服务器 | F16: 服务器创建成功，邀请链接可用 | G16: P1 | H16: 未开始 | I16: =IF(H16="已完成",1,IF(H16="待审核",0.9,IF(H16="进行中",0.5,IF(H16="已阻塞",0.25,0)))) -> 0 | J16: Discord | K16: 我 | L16: =C16 -> 46215
A17: 13 | B17: 1 | C17: =总览!$C$5+B17-1 -> 46215 | D17: 产品推广与内容 | E17: 注册itch.io账号 | F17: 账号可登录，已具备创建项目页权限 | G17: P1 | H17: 未开始 | I17: =IF(H17="已完成",1,IF(H17="待审核",0.9,IF(H17="进行中",0.5,IF(H17="已阻塞",0.25,0)))) -> 0 | J17: itch.io | K17: 我 | L17: =C17 -> 46215
A18: 14 | B18: 1 | C18: =总览!$C$5+B18-1 -> 46215 | D18: 品牌与账号基础 | E18: 锁定统一用户名 | F18: 各渠道用户名尽量一致，并在账号表中记录 | G18: P1 | H18: 未开始 | I18: =IF(H18="已完成",1,IF(H18="待审核",0.9,IF(H18="进行中",0.5,IF(H18="已阻塞",0.25,0)))) -> 0 | J18: 各平台账号 | K18: 我 | L18: =C18 -> 46215
... A56: 52 | B56: 7 | C56: =总览!$C$5+B56-1 -> 46221 | D56: 用户测试与运营 | E56: 完成上线复盘与下周决策 | F56: 汇总流量、试玩、付费意愿、审核状态和下周优先级 | G56: P0 | H56: 未开始 | I56: =IF(H56="已完成",1,IF(H56="待审核",0.9,IF(H56="进行中",0.5,IF(H56="已阻塞",0.25,0)))) -> 0 | J56: 数据与反馈 | K56: 我 | L56: =C56 -> 46221

Sheet 账号与外部依赖
A1: 账号、审核与外部依赖追踪
A3: 将所有会卡住上线的外部事项集中记录：账号、审核、域名、邮箱、政策页、创作者和社区。
A4: 类型 | B4: 平台/事项 | C4: 用途 | D4: 目标用户名/名称 | E4: 注册状态 | F4: 资料完善 | G4: 审核状态 | H4: URL/入口 | I4: 下一步 | J4: 备注
A5: 基础设施 | B5: 产品域名 | C5: 官网与品牌入口 | E5: 已完成 | F5: 未开始 | G5: 不适用 | I5: 注册并解析
A6: 基础设施 | B6: 客服邮箱 | C6: Creem审核与用户支持 | D6: support@你的域名 | E6: 未开始 | F6: 未开始 | G6: 不适用 | I6: 配置收发与签名
A7: 支付审核 | B7: Creem | C7: 海外收款与税务处理 | E7: 已注册 | F7: 进行中 | G7: 待审核 | I7: 完成KYC/审核 | J7: 当前处于测试模式
A8: 推广账号 | B8: TikTok | C8: 短视频自然流量 | E8: 未开始 | F8: 未开始 | G8: 不适用 | I8: 注册并锁定用户名
A9: 推广账号 | B9: YouTube | C9: Shorts与长期内容 | E9: 未开始 | F9: 未开始 | G9: 不适用 | I9: 创建频道
A10: 推广账号 | B10: X | C10: 开发者传播与更新 | E10: 未开始 | F10: 未开始 | G10: 不适用 | I10: 注册并完善资料
A11: 推广账号 | B11: Reddit | C11: 高意愿测试用户 | E11: 未开始 | F11: 未开始 | G11: 不适用 | I11: 注册并观察社区规则
A12: 社区运营 | B12: Discord | C12: 测试组织与长期社群 | E12: 未开始 | F12: 未开始 | G12: 不适用 | I12: 创建服务器和频道
A13: 游戏平台 | B13: itch.io | C13: 浏览器游戏展示与可信度 | E13: 未开始 | F13: 未开始 | G13: 待审核 | I13: 创建项目草稿
A14: 合规页面 | B14: Privacy Policy | C14: 数据与隐私说明 | E14: 未开始 | F14: 未开始 | G14: 不适用 | I14: 发布并链接到页脚
A15: 合规页面 | B15: Terms of Service | C15: 用户规则与责任边界 | E15: 未开始 | F15: 未开始 | G15: 不适用 | I15: 发布并链接到页脚
A16: 合规页面 | B16: Refund Policy | C16: 退款条件和处理时限 | E16: 未开始 | F16: 未开始 | G16: 不适用 | I16: 发布并链接到页脚
A17: 推广资源 | B17: 小型内容创作者 | C17: 试玩与内容合作 | E17: 未开始 | F17: 未开始 | G17: 待联系 | I17: 建立名单并逐一联系
A18: 推广资源 | B18: 目标社区清单 | C18: Reddit/Discord/TTRPG/AI游戏 | E18: 未开始 | F18: 未开始 | G18: 待研究 | I18: 记录规则和发帖窗口

Sheet 上线验收
A1: 海外 Limited Beta 上线验收清单
A3: 只有“上线必须项”全部完成或有明确备用方案时，才执行第7天公开发布。
A4: 分类 | B4: 验收项 | C4: 完成标准 | D4: 是否必须 | E4: 状态 | F4: 证据/链接 | G4: 负责人 | H4: 备注
A5: 基础设施 | B5: 独立域名与HTTPS | C5: 官网通过HTTPS稳定访问 | D5: 必须 | E5: 已完成 | G5: 我
A6: 基础设施 | B6: 客服邮箱可用 | C6: support@域名 可正常收发 | D6: 必须 | E6: 已完成 | G6: 我
A7: 网站 | B7: 英文首页已上线 | C7: 价值主张、试玩入口、价格清晰 | D7: 必须 | E7: 未开始 | G7: 我
A8: 网站 | B8: 移动端可访问 | C8: 手机浏览不影响阅读和转化 | D8: 必须 | E8: 未开始 | G8: 我
A9: 合规 | B9: Privacy Policy | C9: 页面公开且页脚可访问 | D9: 必须 | E9: 已完成 | G9: 我
A10: 合规 | B10: Terms of Service | C10: 页面公开且页脚可访问 | D10: 必须 | E10: 已完成 | G10: 我
A11: 合规 | B11: Refund Policy | C11: 页面公开且价格页可访问 | D11: 必须 | E11: 已完成 | G11: 我
A12: 支付 | B12: Creem KYC已提交 | C12: 后台显示审核中或已通过 | D12: 必须 | E12: 未开始 | G12: 我
A13: 支付 | B13: Creem真实收款可用或有备用方案 | C13: Live支付可用；否则Founder候补可用 | D13: 必须 | E13: 未开始 | G13: 我
A14: 支付 | B14: 商品名称与价格一致 | C14: 官网、Creem与退款政策描述一致 | D14: 必须 | E14: 未开始 | G14: 我
A15: 推广 | B15: 至少5条短视频已准备 | C15: 可直接发布，含统一落地页链接 | D15: 必须 | E15: 未开始 | G15: 我
A16: 推广 | B16: 主要社媒账号可用 | C16: TikTok、YouTube至少已注册并完善 | D16: 必须 | E16: 未开始 | G16: 我
... A22: 备用方案 | B22: Creem未通过时不阻塞上线 | C22: 免费Beta+Founder候补入口已测试 | D22: 必须 | E22: 未开始 | G22: 我
